timestamp,load_level,orchestrator_type,urllc_rtt_ms,embb_throughput_mbps,mmtc_msgs_total,embb_tc_rate_mbit,orchestrator_state,violation_count,recovery_streak,throttle_total,restore_total,loop_count,cpu_embb_cores,cpu_urllc_cores,cpu_mmtc_cores,node_cpu_pct,mem_embb_mi,mem_urllc_mi,mem_mmtc_mi
2026-06-04T21:45:33.385162,low,rule_based,13.47,65.1,0.0,1000.0,0.0,0.0,0.0,0.0,0.0,7.0,0.7635309675596798,0.019850573883818366,0.005708769624620461,nan,435.98828125,485.7421875,439.4140625
2026-06-04T21:45:36.428483,low,rule_based,12.7,62.5,0.0,1000.0,0.0,0.0,0.0,0.0,0.0,8.0,0.7689979646244542,0.020791639786365213,0.005704554050092717,nan,436.21484375,485.74609375,439.4140625
2026-06-04T21:45:39.472173,low,rule_based,12.7,62.5,0.0,1000.0,0.0,0.0,0.0,0.0,0.0,8.0,0.6882385153741931,0.021366687977692807,0.005343567074308811,nan,436.21484375,485.75390625,439.1640625
2026-06-04T21:45:42.510393,low,rule_based,14.37,70.6,0.0,1000.0,0.0,0.0,0.0,0.0,0.0,9.0,0.6626890246302976,0.021366687977692807,0.00519593257186944,nan,436.21484375,485.75390625,439.1640625
2026-06-04T21:45:45.544766,low,rule_based,14.37,70.6,0.0,1000.0,0.0,0.0,0.0,0.0,0.0,9.0,0.7813358982812646,0.02093821979646832,0.005633368085536067,nan,433.484375,485.75390625,439.171875
2026-06-04T21:45:48.586673,low,rule_based,14.17,70.0,0.0,1000.0,0.0,0.0,0.0,0.0,0.0,10.0,0.7469859422436294,0.01867389296730264,0.005633368085536067,nan,432.19921875,485.83984375,439.171875
2026-06-04T21:45:51.624159,low,rule_based,13.6,67.8,0.0,1000.0,0.0,0.0,0.0,0.0,0.0,11.0,0.7806848575029557,0.018787258997066236,0.005477015653483914,nan,432.19921875,485.9375,439.171875
2026-06-04T21:45:54.664127,low,rule_based,13.6,67.8,0.0,1000.0,0.0,0.0,0.0,0.0,0.0,11.0,0.7319202125626345,0.018978200929482783,0.005574594725477234,nan,431.97265625,485.953125,439.4140625
2026-06-04T21:45:57.700432,low,rule_based,13.7,31.9,0.0,1000.0,0.0,0.0,0.0,0.0,0.0,12.0,0.6791986238964509,0.016746883786893842,0.005541667370671366,nan,431.97265625,485.953125,439.4140625
2026-06-04T21:46:00.732216,low,rule_based,14.47,42.4,0.0,1000.0,0.0,0.0,0.0,0.0,0.0,13.0,0.6690053073620114,0.016661576918650632,0.005673723661424295,nan,431.01953125,485.953125,439.41796875
2026-06-04T21:46:03.770730,low,rule_based,14.47,42.4,0.0,1000.0,0.0,0.0,0.0,0.0,0.0,13.0,0.6216080854333286,0.01581561409814897,0.005556996786000079,nan,431.01953125,486.3046875,439.41796875
2026-06-04T21:46:06.850218,low,rule_based,13.9,42.4,0.0,1000.0,0.0,0.0,0.0,0.0,0.0,14.0,0.5614017765232516,0.015384187972014832,0.0053080483297896115,nan,430.66796875,486.65625,439.421875
2026-06-04T21:46:09.888784,low,rule_based,13.9,42.4,0.0,1000.0,0.0,0.0,0.0,0.0,0.0,14.0,0.4996811732035111,0.016111479208487347,0.005086571261014665,nan,433.44921875,486.4375,439.43359375
2026-06-04T21:46:12.925514,low,rule_based,14.3,53.3,0.0,1000.0,0.0,0.0,0.0,0.0,0.0,15.0,0.47031030250250405,0.015611389287743761,0.005294000381242051,nan,433.44921875,486.4375,439.46875
2026-06-04T21:46:15.960496,low,rule_based,13.3,70.9,0.0,1000.0,0.0,0.0,0.0,0.0,0.0,16.0,0.47660586842396824,0.014770119025350824,0.005745564175395387,nan,434.83203125,486.4375,439.50390625
2026-06-04T21:46:18.997585,low,rule_based,13.3,70.9,0.0,1000.0,0.0,0.0,0.0,0.0,0.0,16.0,0.4834021660696712,0.014503143490698912,0.005447450932897511,nan,434.83984375,486.12890625,439.50390625
2026-06-04T21:46:22.032576,low,rule_based,13.3,70.9,0.0,1000.0,0.0,0.0,0.0,0.0,0.0,16.0,0.5080132970601664,0.015927598915234886,0.005441595763778528,nan,434.84765625,485.8203125,439.50390625
2026-06-04T21:46:25.070480,low,rule_based,13.3,70.9,0.0,1000.0,0.0,0.0,0.0,0.0,0.0,16.0,0.3570494824658303,0.017098635141014003,0.0058184307672480215,nan,434.48828125,485.43359375,439.23046875
2026-06-04T21:46:28.106960,low,rule_based,13.27,73.3,0.0,1000.0,0.0,0.0,0.0,0.0,0.0,17.0,0.3937281238259278,0.017108212458594393,0.005840845446249576,nan,434.48828125,485.43359375,439.23046875
2026-06-04T21:46:31.140450,low,rule_based,13.6,69.4,0.0,1000.0,0.0,0.0,0.0,0.0,0.0,18.0,0.3947635328458869,0.01824390296691297,0.005815905840112394,nan,433.8984375,484.8828125,439.23046875
2026-06-04T21:46:34.177914,low,rule_based,13.6,69.4,0.0,1000.0,0.0,0.0,0.0,0.0,0.0,18.0,0.4422996460495281,0.0200012858533986,0.005791858742774892,nan,433.75390625,484.48828125,439.23046875
2026-06-04T21:46:37.218121,low,rule_based,12.9,73.9,0.0,1000.0,0.0,0.0,0.0,0.0,0.0,19.0,0.4349440173048321,0.020065716714484812,0.005671965138766189,nan,433.75390625,484.48828125,439.23046875
2026-06-04T21:46:40.251204,low,rule_based,12.9,73.9,0.0,1000.0,0.0,0.0,0.0,0.0,0.0,19.0,0.5042486844158385,0.020067439851952876,0.006531286802932929,nan,432.63671875,484.48828125,439.66015625
2026-06-04T21:46:43.287389,low,rule_based,13.57,70.1,0.0,1000.0,0.0,0.0,0.0,0.0,0.0,20.0,0.5273401019660356,0.01958452408761427,0.0075712502303522874,nan,431.6640625,484.48828125,439.66015625
2026-06-04T21:46:46.319990,low,rule_based,13.37,21.1,0.0,1000.0,0.0,0.0,0.0,0.0,0.0,21.0,0.5458750011500816,0.01912740317614774,0.007390062432775485,nan,430.87890625,484.50390625,439.66015625
2026-06-04T21:46:49.351544,low,rule_based,13.37,21.1,0.0,1000.0,0.0,0.0,0.0,0.0,0.0,21.0,0.49432777662596483,0.02002410095571217,0.007537439483567597,nan,430.87890625,484.765625,439.6953125
2026-06-04T21:46:52.387505,low,rule_based,13.13,52.6,0.0,1000.0,0.0,0.0,0.0,0.0,0.0,22.0,0.6041339558716996,0.020722804048924494,0.0076175598087192395,nan,430.87890625,484.765625,439.6953125
2026-06-04T21:46:55.416634,low,rule_based,13.13,52.6,0.0,1000.0,0.0,0.0,0.0,0.0,0.0,22.0,0.5400186106589837,0.020750962882911603,0.006807094207235422,nan,430.78515625,484.765625,439.21875
2026-06-04T21:46:58.455619,low,rule_based,12.9,49.5,0.0,1000.0,0.0,0.0,0.0,0.0,0.0,23.0,0.5307192792039543,0.019537817252181882,0.0067888378378510115,nan,431.296875,484.58984375,439.21875
2026-06-04T21:47:01.496017,low,rule_based,13.33,63.7,0.0,1000.0,0.0,0.0,0.0,0.0,0.0,24.0,0.48417253293495643,0.019962209650926037,0.0068147071158659025,nan,432.76953125,484.421875,439.21875
2026-06-04T21:47:04.528684,low,rule_based,13.33,63.7,0.0,1000.0,0.0,0.0,0.0,0.0,0.0,24.0,0.48417253293495643,0.020382272507635295,0.00745997284385535,nan,432.76953125,484.7421875,439.21875
2026-06-04T21:47:07.566207,low,rule_based,12.87,65.4,0.0,1000.0,0.0,0.0,0.0,0.0,0.0,25.0,0.4142420038139908,0.019334073507048237,0.007401047203767927,nan,432.76953125,484.7421875,439.21875
2026-06-04T21:47:10.600820,low,rule_based,12.87,65.4,0.0,1000.0,0.0,0.0,0.0,0.0,0.0,25.0,0.45644752810777633,0.01872845372865809,0.007039055888197772,nan,432.7578125,484.83984375,439.22265625
2026-06-04T21:47:13.636220,low,rule_based,12.87,65.4,0.0,1000.0,0.0,0.0,0.0,0.0,0.0,25.0,0.45576300292451866,0.01834355915927637,0.0069910076251792535,nan,432.7578125,484.9375,439.23046875
2026-06-04T21:47:16.672271,low,rule_based,13.03,68.3,0.0,1000.0,0.0,0.0,0.0,0.0,0.0,26.0,0.45607958260524306,0.01652047917809446,0.007109678137616641,nan,433.11328125,484.9375,439.23828125
2026-06-04T21:47:19.704583,low,rule_based,13.03,68.3,0.0,1000.0,0.0,0.0,0.0,0.0,0.0,26.0,0.3995281809989067,0.016455194439395023,0.007047294786422291,nan,433.8203125,484.95703125,439.234375
2026-06-04T21:47:22.739383,low,rule_based,13.9,72.9,0.0,1000.0,0.0,0.0,0.0,0.0,0.0,27.0,0.4530496761070516,0.015132314838999588,0.006437387783691807,nan,433.91015625,484.95703125,439.234375
2026-06-04T21:47:25.773511,low,rule_based,13.5,70.0,0.0,1000.0,0.0,0.0,0.0,0.0,0.0,28.0,0.3954645124483518,0.014478331951079976,0.006726698746979692,nan,408.18359375,459.9609375,413.5390625
2026-06-04T21:47:28.809443,low,rule_based,13.5,70.0,0.0,1000.0,0.0,0.0,0.0,0.0,0.0,28.0,0.3955814889396536,0.013889155301530998,0.005525962984946371,nan,408.05078125,459.67578125,413.5390625
2026-06-04T21:47:31.846290,low,rule_based,13.13,70.2,0.0,1000.0,0.0,0.0,0.0,0.0,0.0,29.0,0.5051757427288042,0.015221459113237416,0.005114719138189916,nan,408.12109375,433.89453125,413.33984375
2026-06-04T21:47:34.880273,low,rule_based,13.13,70.2,0.0,1000.0,0.0,0.0,0.0,0.0,0.0,29.0,0.6009204447620635,0.01585957798074051,0.005219753797824074,nan,357.86328125,433.89453125,363.33984375
2026-06-04T21:47:37.917159,low,rule_based,13.43,68.5,0.0,1000.0,0.0,0.0,0.0,0.0,0.0,30.0,0.6265688906362127,0.015648854694694035,0.0050268676244078605,nan,357.86328125,433.89453125,363.33984375
2026-06-04T21:47:40.955545,low,rule_based,13.03,68.1,0.0,1000.0,0.0,0.0,0.0,0.0,0.0,31.0,0.7129566258924817,0.015109889286091287,0.005462103585623327,nan,357.39453125,408.90625,363.34375
2026-06-04T21:47:43.990654,low,rule_based,13.03,68.1,0.0,1000.0,0.0,0.0,0.0,0.0,0.0,31.0,0.7063938431322597,0.01595829144736542,0.0053468261989588015,nan,356.92578125,409.296875,363.59765625
2026-06-04T21:47:47.030060,low,rule_based,13.03,49.6,0.0,1000.0,0.0,0.0,0.0,0.0,0.0,32.0,0.6593318956648786,0.018258593616232905,0.005399686746505104,nan,357.046875,409.6875,363.8515625
2026-06-04T21:47:50.064931,low,rule_based,13.03,49.6,0.0,1000.0,0.0,0.0,0.0,0.0,0.0,32.0,0.7176694592300205,0.019555413663041463,0.005577861880609765,nan,356.5859375,409.69140625,363.8515625
2026-06-04T21:47:53.098711,low,rule_based,13.17,61.3,0.0,1000.0,0.0,0.0,0.0,0.0,0.0,33.0,0.7176694592300205,0.019522100653318095,0.005320902948909392,nan,356.5859375,409.69140625,363.8515625
2026-06-04T21:47:56.137278,low,rule_based,12.83,63.6,0.0,1000.0,0.0,0.0,0.0,0.0,0.0,34.0,0.706225828836083,0.020338885221690643,0.005315532084511635,nan,356.5859375,409.69140625,363.85546875
2026-06-04T21:47:59.170172,low,rule_based,12.83,63.6,0.0,1000.0,0.0,0.0,0.0,0.0,0.0,34.0,0.7082025144326651,0.0198103521201519,0.005390118203081587,nan,357.4140625,409.95703125,363.36328125
2026-06-04T21:48:02.204298,low,rule_based,12.83,63.6,0.0,1000.0,0.0,0.0,0.0,0.0,0.0,34.0,0.7082025144326651,0.019495306233068877,0.005361904869748255,nan,357.4140625,409.95703125,363.36328125
2026-06-04T21:48:05.241551,low,rule_based,12.83,63.6,0.0,1000.0,0.0,0.0,0.0,0.0,0.0,34.0,0.6885854577267686,0.019921146048952065,0.00553034110527276,nan,357.890625,410.1875,363.36328125
2026-06-04T21:48:08.272292,low,rule_based,12.43,59.6,0.0,1000.0,0.0,0.0,0.0,0.0,0.0,35.0,0.6316962625483256,0.018687494157085174,0.005461115040979904,nan,357.890625,409.984375,363.36328125
2026-06-04T21:48:11.305283,low,rule_based,12.53,73.0,0.0,1000.0,0.0,0.0,0.0,0.0,0.0,36.0,0.6718927153106827,0.018915705567060338,0.005553765936692732,nan,357.77734375,409.78125,363.36328125
2026-06-04T21:48:14.343722,low,rule_based,12.53,73.0,0.0,1000.0,0.0,0.0,0.0,0.0,0.0,36.0,0.671565493977868,0.020383545877572865,0.005372822067530776,nan,358.46484375,409.78125,363.87109375
2026-06-04T21:48:17.378841,low,rule_based,12.37,70.4,0.0,1000.0,0.0,0.0,0.0,0.0,0.0,37.0,0.5955338977856667,0.021149786260556122,0.005211444587141136,nan,358.46484375,409.78125,363.87109375
2026-06-04T21:48:20.417140,low,rule_based,12.37,70.4,0.0,1000.0,0.0,0.0,0.0,0.0,0.0,37.0,0.6356124277351225,0.01954083013746218,0.005426371043492425,nan,358.5390625,410.171875,363.88671875
2026-06-04T21:48:23.450752,low,rule_based,13.23,66.4,0.0,1000.0,0.0,0.0,0.0,0.0,0.0,38.0,0.694178038531853,0.01960312596029111,0.005495416999433016,nan,357.83203125,410.5859375,363.87890625
2026-06-04T21:48:26.488358,low,rule_based,13.47,68.9,0.0,1000.0,0.0,0.0,0.0,0.0,0.0,39.0,0.6946284641051853,0.016731876731578187,0.005445646024285153,nan,357.30859375,410.5859375,363.87109375
2026-06-04T21:48:29.526884,low,rule_based,13.47,68.9,0.0,1000.0,0.0,0.0,0.0,0.0,0.0,39.0,0.7120864019053617,0.017966423401180272,0.005655815118822552,nan,357.30859375,410.5859375,363.875
2026-06-04T21:48:32.559117,low,rule_based,13.47,60.9,0.0,1000.0,0.0,0.0,0.0,0.0,0.0,40.0,0.7451800403271718,0.015595005455667084,0.005694841745240774,nan,357.30859375,410.5859375,363.875
2026-06-04T21:48:35.595096,low,rule_based,12.07,42.4,0.0,1000.0,0.0,0.0,0.0,0.0,0.0,41.0,0.6993118806383369,0.015306568900060517,0.005333830251128517,nan,356.71484375,410.56640625,363.8515625
2026-06-04T21:48:38.630686,low,rule_based,12.07,42.4,0.0,1000.0,0.0,0.0,0.0,0.0,0.0,41.0,0.6975926943868729,0.015911553038054138,0.005430155569154548,nan,356.71484375,410.1328125,363.859375
2026-06-04T21:48:41.668711,low,rule_based,12.53,37.2,0.0,1000.0,0.0,0.0,0.0,0.0,0.0,42.0,0.6975926943868728,0.01722851640280946,0.007832246223881604,nan,356.71484375,409.69921875,363.8671875
2026-06-04T21:48:44.702676,low,rule_based,12.53,37.2,0.0,1000.0,0.0,0.0,0.0,0.0,0.0,42.0,0.6968353751270686,0.017050290542653466,0.015023727983215369,nan,357.73046875,409.69921875,363.8671875
2026-06-04T21:48:47.734263,low,rule_based,12.87,71.6,0.0,1000.0,0.0,0.0,0.0,0.0,0.0,43.0,0.6191828541283005,0.01630109836590144,0.014799536697814005,nan,357.73046875,409.77734375,363.8671875
2026-06-04T21:48:50.769678,low,rule_based,12.2,69.5,0.0,1000.0,0.0,0.0,0.0,0.0,0.0,44.0,0.6538814096933381,0.01688234025413906,0.015344922891108255,nan,357.9296875,409.45703125,363.875
2026-06-04T21:48:53.806374,low,rule_based,12.2,69.5,0.0,1000.0,0.0,0.0,0.0,0.0,0.0,44.0,0.7112740097218028,0.0167557550992552,0.015938259857182294,nan,358.12890625,409.45703125,363.875
2026-06-04T21:48:56.838209,low,rule_based,12.2,69.5,0.0,1000.0,0.0,0.0,0.0,0.0,0.0,44.0,0.7112976093137519,0.01677741423978005,0.019120510383231846,nan,358.12890625,409.45703125,363.87890625
2026-06-04T21:48:59.870108,low,rule_based,12.2,69.5,0.0,1000.0,0.0,0.0,0.0,0.0,0.0,44.0,0.7093699934795719,0.01711581230015976,0.017775520652704598,nan,356.671875,409.4609375,363.42578125
2026-06-04T21:49:02.899765,low,rule_based,11.93,65.0,0.0,1000.0,0.0,0.0,0.0,0.0,0.0,45.0,0.6791403739616013,0.017298197602854185,0.017775520652704598,nan,356.671875,409.73046875,363.42578125
2026-06-04T21:49:05.943949,low,rule_based,12.53,60.1,0.0,1000.0,0.0,0.0,0.0,0.0,0.0,46.0,0.5983755524897318,0.01883094765173991,0.019387807962158367,nan,355.18359375,410.0,363.4296875
2026-06-04T21:49:08.979559,low,rule_based,12.53,60.1,0.0,1000.0,0.0,0.0,0.0,0.0,0.0,46.0,0.5895431187509514,0.018647654054852195,0.019621904874955104,nan,354.9921875,410.0,363.6796875
2026-06-04T21:49:12.016038,low,rule_based,13.0,16.5,0.0,1000.0,0.0,0.0,0.0,0.0,0.0,47.0,0.567086610043495,0.020338858385573762,0.02352473608379741,nan,354.80078125,410.56640625,363.9296875
2026-06-04T21:49:15.053903,low,rule_based,13.0,16.5,0.0,1000.0,0.0,0.0,0.0,0.0,0.0,47.0,0.5557831498566721,0.02051815739638081,0.020848081056038432,nan,356.29296875,410.56640625,363.89453125
2026-06-04T21:49:18.089737,low,rule_based,13.53,65.9,0.0,1000.0,0.0,0.0,0.0,0.0,0.0,48.0,0.5495078320590935,0.019398462585114292,0.02165298371121664,nan,356.29296875,410.48828125,363.6484375
2026-06-04T21:49:21.127536,low,rule_based,12.97,64.6,0.0,1000.0,0.0,0.0,0.0,0.0,0.0,49.0,0.5830399883570164,0.021424732251463647,0.018842003672142255,nan,356.43359375,410.0703125,363.40234375
2026-06-04T21:49:24.166738,low,rule_based,12.97,64.6,0.0,1000.0,0.0,0.0,0.0,0.0,0.0,49.0,0.5722719720243455,0.02139980144737006,0.019954721117450593,nan,356.80078125,410.0703125,363.40234375
2026-06-04T21:49:27.205181,low,rule_based,11.8,65.7,0.0,1000.0,0.0,0.0,0.0,0.0,0.0,50.0,0.5628195458245148,0.02097861525394861,0.019935722765735808,nan,356.80078125,410.0703125,363.40234375
2026-06-04T21:49:30.239670,low,rule_based,11.8,65.7,0.0,1000.0,0.0,0.0,0.0,0.0,0.0,50.0,0.6246743858648729,0.020829362300627784,0.018750588238436536,nan,356.7265625,410.0703125,363.40234375
2026-06-04T21:49:33.272406,low,rule_based,12.97,66.9,0.0,1000.0,0.0,0.0,0.0,0.0,0.0,51.0,0.5874408727396573,0.020463035467562094,0.017351651992952737,nan,356.7265625,409.87109375,363.40234375
2026-06-04T21:49:36.307814,low,rule_based,12.07,66.3,0.0,1000.0,0.0,0.0,0.0,0.0,0.0,52.0,0.5487014997663304,0.021263360352534223,0.01641367856960899,nan,356.7265625,409.6875,363.41015625
2026-06-04T21:49:39.339495,low,rule_based,12.07,66.3,0.0,1000.0,0.0,0.0,0.0,0.0,0.0,52.0,0.618806188521152,0.021272486066319873,0.01682456362660954,nan,357.58984375,409.6875,363.42578125
2026-06-04T21:49:42.376914,low,rule_based,12.4,65.6,0.0,1000.0,0.0,0.0,0.0,0.0,0.0,53.0,0.6190839286263713,0.02127248606631987,0.01719983254723713,nan,357.58984375,409.6875,363.42578125
2026-06-04T21:49:45.411423,low,rule_based,12.4,65.6,0.0,1000.0,0.0,0.0,0.0,0.0,0.0,53.0,0.6584854400466468,0.020922191132269397,0.014570979885858376,nan,357.81640625,409.47265625,363.4375
2026-06-04T21:49:48.450382,low,rule_based,13.17,69.4,0.0,1000.0,0.0,0.0,0.0,0.0,0.0,54.0,0.7494830687588062,0.015399899363137138,0.014406536472814183,nan,357.81640625,409.3984375,363.4375
2026-06-04T21:49:51.485278,low,rule_based,13.17,69.4,0.0,1000.0,0.0,0.0,0.0,0.0,0.0,54.0,0.7494830687588062,0.01664653150596951,0.013247781002578155,nan,357.81640625,409.328125,363.4609375
2026-06-04T21:49:54.519930,low,rule_based,13.17,69.4,0.0,1000.0,0.0,0.0,0.0,0.0,0.0,54.0,0.719902289475256,0.016801896834245038,0.012408903973316133,nan,355.65625,409.58984375,363.45703125
2026-06-04T21:49:57.557871,low,rule_based,57.9,67.8,0.0,1000.0,0.0,1.0,0.0,0.0,0.0,55.0,0.745620434230652,0.01703607114013796,0.00758771821898733,nan,355.65625,409.58984375,363.45703125
2026-06-04T21:50:00.590965,low,rule_based,81.93,2.6,0.0,1000.0,0.0,2.0,0.0,0.0,0.0,56.0,0.7217265532212529,0.017274038002648515,0.007756061840972578,nan,354.83984375,409.74609375,363.44921875
2026-06-04T21:50:03.626187,low,rule_based,81.93,2.6,0.0,1000.0,0.0,2.0,0.0,0.0,0.0,56.0,0.7217382897882196,0.01646525316072443,0.006971457757567824,nan,354.83984375,409.90234375,363.44921875
2026-06-04T21:50:06.666581,low,rule_based,69.37,53.9,0.0,50.0,0.0,3.0,0.0,1.0,0.0,57.0,0.6167577384434103,0.016247168185349357,0.006511475628194699,nan,355.5703125,417.14453125,363.65234375
2026-06-04T21:50:09.701663,low,rule_based,69.37,53.9,0.0,50.0,0.0,3.0,0.0,1.0,0.0,57.0,0.5896683776154199,0.016924100408360197,0.0070209764328800954,nan,355.82421875,461.0234375,363.65234375
2026-06-04T21:50:12.737658,low,rule_based,38.17,41.2,0.0,50.0,1.0,0.0,0.0,1.0,0.0,58.0,0.5795003653518536,0.016575346981200924,0.006793285792093817,nan,357.1484375,461.046875,363.65234375
2026-06-04T21:50:15.769634,low,rule_based,14.53,41.0,0.0,50.0,1.0,0.0,1.0,1.0,0.0,59.0,0.5158982531587204,0.015314348606629863,0.006178959938050853,nan,358.8203125,457.65234375,363.65234375
2026-06-04T21:50:18.804427,low,rule_based,14.53,41.0,0.0,50.0,1.0,0.0,1.0,1.0,0.0,59.0,0.5238916892296938,0.018075120343510147,0.006039351341461321,nan,358.8203125,454.1875,363.65234375
2026-06-04T21:50:21.842143,low,rule_based,30.93,39.8,0.0,50.0,1.0,0.0,1.0,1.0,0.0,60.0,0.5649025281712015,0.01950892253157631,0.005762448161900401,nan,358.578125,454.3984375,363.42578125
2026-06-04T21:50:24.880674,low,rule_based,30.93,39.8,0.0,50.0,1.0,0.0,1.0,1.0,0.0,60.0,0.4963991322044086,0.0590828754294963,0.006001350711722239,nan,358.50390625,531.70703125,363.43359375
2026-06-04T21:50:27.919618,low,rule_based,62.77,39.1,0.0,50.0,1.0,0.0,0.0,1.0,0.0,61.0,0.5140985572083622,0.06406750350497126,0.0058884376261354975,nan,358.2734375,531.70703125,363.43359375
2026-06-04T21:50:30.955079,low,rule_based,78.8,41.3,0.0,50.0,1.0,0.0,0.0,1.0,0.0,62.0,0.5320422353774419,0.06887990565548263,0.006449669829250706,nan,358.04296875,531.6328125,363.43359375
2026-06-04T21:50:33.988557,low,rule_based,78.8,41.3,0.0,50.0,1.0,0.0,0.0,1.0,0.0,62.0,0.5070408603697196,0.07465454647765427,0.006214550766643715,nan,358.2890625,557.0625,363.43359375
2026-06-04T21:50:37.022061,low,rule_based,78.8,41.3,0.0,50.0,1.0,0.0,0.0,1.0,0.0,62.0,0.4563363599220813,0.079841244117662,0.0061035158790987845,nan,358.53515625,563.6796875,363.43359375
2026-06-04T21:50:40.059072,low,rule_based,78.8,41.3,0.0,50.0,1.0,0.0,0.0,1.0,0.0,62.0,0.5428406175330913,0.07794604163118954,0.007509422648924109,nan,358.5390625,582.66015625,363.453125
2026-06-04T21:50:43.096422,low,rule_based,68.13,38.6,0.0,50.0,1.0,0.0,0.0,1.0,0.0,63.0,0.5312482032613508,0.0726494880447317,0.008868583751329259,nan,358.5390625,583.875,363.44921875
2026-06-04T21:50:46.131160,low,rule_based,59.53,34.8,0.0,50.0,1.0,0.0,0.0,1.0,0.0,64.0,0.5824295078295096,0.1123255552451646,0.008868082211982719,nan,358.0859375,666.31640625,363.44921875
2026-06-04T21:50:49.166435,low,rule_based,59.53,34.8,0.0,50.0,1.0,0.0,0.0,1.0,0.0,64.0,0.5879733846397146,0.12077101012298772,0.008875398607594617,nan,356.75,665.98046875,363.44921875
2026-06-04T21:50:52.203585,low,rule_based,33.1,38.4,0.0,50.0,1.0,0.0,0.0,1.0,0.0,65.0,0.5882839305961479,0.1303632438033949,0.008313024918098369,nan,356.75,665.98046875,363.44921875
2026-06-04T21:50:55.236628,low,rule_based,33.1,38.4,0.0,50.0,1.0,0.0,0.0,1.0,0.0,65.0,0.614734053995766,0.12318082498685204,0.008799852408043228,nan,355.41796875,665.98828125,363.47265625
2026-06-04T21:50:58.273097,low,rule_based,27.27,26.8,0.0,50.0,1.0,0.0,0.0,1.0,0.0,66.0,0.6103727052263005,0.11464248859798568,0.008308307987595485,nan,355.41796875,667.375,363.47265625
2026-06-04T21:51:01.315769,low,rule_based,24.97,11.5,0.0,50.0,1.0,0.0,0.0,1.0,0.0,67.0,0.5875634891921722,0.10068098114579246,0.008230101320960068,nan,355.63671875,670.17578125,363.47265625
2026-06-04T21:51:04.351563,low,rule_based,24.97,11.5,0.0,50.0,1.0,0.0,0.0,1.0,0.0,67.0,0.6178730149170473,0.07821745944925611,0.008414769270874863,nan,355.66015625,670.44140625,363.4609375
2026-06-04T21:51:07.390561,low,rule_based,13.63,39.9,0.0,50.0,1.0,0.0,1.0,1.0,0.0,68.0,0.6139337374295131,0.07850254841654433,0.008446200686909272,nan,355.66015625,670.44140625,363.4609375
2026-06-04T21:51:10.426364,low,rule_based,13.63,39.9,0.0,50.0,1.0,0.0,1.0,1.0,0.0,68.0,0.6138084753573235,0.07975131830987059,0.008334863393005546,nan,357.0,670.55078125,363.44921875
2026-06-04T21:51:13.463721,low,rule_based,18.87,39.1,0.0,50.0,1.0,0.0,1.0,1.0,0.0,69.0,0.6001894021822334,0.07173119710982928,0.008792715166197847,nan,357.0,671.296875,363.44921875
2026-06-04T21:51:16.498189,low,rule_based,14.83,39.1,0.0,50.0,1.0,0.0,1.0,1.0,0.0,70.0,0.6062133494056575,0.07275109736064513,0.007843794745318985,nan,357.01171875,672.87890625,363.44921875
2026-06-04T21:51:19.539147,low,rule_based,14.83,39.1,0.0,50.0,1.0,0.0,1.0,1.0,0.0,70.0,0.560228196233097,0.0744664405861184,0.0079747397819671,nan,357.01171875,669.84765625,363.44921875
2026-06-04T21:51:22.577182,low,rule_based,13.5,41.8,0.0,50.0,1.0,0.0,2.0,1.0,0.0,71.0,0.48801197171034544,0.08012245285055261,0.006555919484987849,nan,357.01171875,669.84765625,363.44921875
2026-06-04T21:51:25.611825,low,rule_based,13.53,40.5,0.0,50.0,1.0,0.0,3.0,1.0,0.0,72.0,0.5937938132289896,0.08361418299102187,0.0062532976185885256,nan,357.55859375,669.078125,363.44921875
2026-06-04T21:51:28.645570,low,rule_based,13.53,40.5,0.0,50.0,1.0,0.0,3.0,1.0,0.0,72.0,0.5615400469077406,0.08251751803700079,0.006155525877021418,nan,357.55859375,670.46484375,363.44921875
2026-06-04T21:51:31.679499,low,rule_based,13.53,40.5,0.0,50.0,1.0,0.0,3.0,1.0,0.0,72.0,0.551715545883538,0.05215760728785597,0.006072484340805706,nan,357.55859375,671.7109375,363.44921875
2026-06-04T21:51:34.721969,low,rule_based,13.53,40.5,0.0,50.0,1.0,0.0,3.0,1.0,0.0,72.0,0.5951358566035393,0.03781723084056751,0.006034004544609934,nan,357.55859375,672.19921875,363.96484375
2026-06-04T21:51:37.754434,low,rule_based,12.97,39.7,0.0,50.0,1.0,0.0,4.0,1.0,0.0,73.0,0.5838054287878346,0.03691022823242391,0.006206684507655857,nan,356.734375,672.31640625,363.96484375
2026-06-04T21:51:40.792969,low,rule_based,13.3,8.1,0.0,1000.0,1.0,0.0,5.0,1.0,1.0,74.0,0.583896808371753,0.03551969978616561,0.005959816297592628,nan,355.91015625,672.75,363.96484375
2026-06-04T21:51:43.827819,low,rule_based,13.3,8.1,0.0,1000.0,1.0,0.0,5.0,1.0,1.0,74.0,0.6108948815275201,0.04161057567260808,0.00601163957747757,nan,355.91015625,673.2578125,363.97265625
2026-06-04T21:51:46.862093,low,rule_based,13.77,32.6,0.0,1000.0,0.0,0.0,0.0,1.0,1.0,75.0,0.5753709475283634,0.03917819343754793,0.005861648842831829,nan,355.546875,676.02734375,363.98046875
2026-06-04T21:51:49.899419,low,rule_based,13.77,32.6,0.0,1000.0,0.0,0.0,0.0,1.0,1.0,75.0,0.5815067456789602,0.03932738122559845,0.005890065767012849,nan,355.546875,676.578125,363.48046875
2026-06-04T21:51:52.937832,low,rule_based,13.97,120.7,0.0,1000.0,0.0,0.0,0.0,1.0,1.0,76.0,0.5596260517627891,0.03932738122559845,0.005899276942459822,nan,356.44140625,676.578125,363.4765625
2026-06-04T21:51:55.970938,low,rule_based,16.03,175.7,0.0,1000.0,0.0,1.0,0.0,1.0,1.0,77.0,0.6206794885198053,0.03933837787499974,0.005888411117762519,nan,357.828125,677.13671875,363.4765625
2026-06-04T21:51:59.004312,low,rule_based,16.03,175.7,0.0,1000.0,0.0,1.0,0.0,1.0,1.0,77.0,0.5900669733169221,0.030838181347221192,0.005807848999067796,nan,357.828125,677.6640625,363.48046875
2026-06-04T21:52:02.037718,low,rule_based,14.43,173.4,0.0,1000.0,0.0,1.0,0.0,1.0,1.0,78.0,0.6271434661922839,0.031283700804944026,0.005611473205721561,nan,357.76953125,679.93359375,363.484375
2026-06-04T21:52:05.073633,low,rule_based,14.43,173.4,0.0,1000.0,0.0,1.0,0.0,1.0,1.0,78.0,0.7077876110331387,0.03184981386348125,0.0057206936326358124,nan,357.76953125,682.32421875,363.4921875
2026-06-04T21:52:08.111143,low,rule_based,14.73,166.4,0.0,1000.0,0.0,0.0,0.0,1.0,1.0,79.0,0.6321472008577573,0.03149531637807853,0.005822060068390584,nan,357.76953125,683.02734375,363.4921875
2026-06-04T21:52:11.145515,low,rule_based,14.77,165.9,0.0,1000.0,0.0,0.0,0.0,1.0,1.0,80.0,0.7508806636678426,0.027231568077729897,0.005791536291850485,nan,358.0,683.02734375,363.4921875
2026-06-04T21:52:14.179821,low,rule_based,14.77,165.9,0.0,1000.0,0.0,0.0,0.0,1.0,1.0,80.0,0.83165360053622,0.02918725490569036,0.005672001235075016,nan,358.1640625,683.6484375,363.4921875
2026-06-04T21:52:17.217790,low,rule_based,14.77,165.9,0.0,1000.0,0.0,0.0,0.0,1.0,1.0,80.0,0.862964645023977,0.028173380790798706,0.005618116736480224,nan,358.1640625,683.6484375,363.4921875
2026-06-04T21:52:20.250117,low,rule_based,14.77,165.9,0.0,1000.0,0.0,0.0,0.0,1.0,1.0,80.0,0.9883472231858046,0.02608853889529494,0.005427288800174988,nan,358.0,684.53515625,363.74609375
2026-06-04T21:52:23.285120,low,rule_based,15.57,166.1,0.0,1000.0,0.0,1.0,0.0,1.0,1.0,81.0,1.0962252941958708,0.027399623678955227,0.005259848373136014,nan,356.890625,685.609375,363.9921875
2026-06-04T21:52:26.318115,low,rule_based,14.1,160.2,0.0,1000.0,0.0,1.0,0.0,1.0,1.0,82.0,1.1065656322799406,0.02728115780682945,0.00564117708453596,nan,355.78125,686.35546875,364.23828125
2026-06-04T21:52:29.355638,low,rule_based,14.1,160.2,0.0,1000.0,0.0,1.0,0.0,1.0,1.0,82.0,1.1062697200150582,0.026954658978103178,0.005714848380997088,nan,355.78125,687.1328125,363.9921875
2026-06-04T21:52:32.398689,low,rule_based,13.57,34.8,0.0,1000.0,0.0,0.0,0.0,1.0,1.0,83.0,1.2099142531328342,0.027238189289570457,0.005766465084754455,nan,355.78125,687.1328125,363.9921875
2026-06-04T21:52:35.433737,low,rule_based,13.57,34.8,0.0,1000.0,0.0,0.0,0.0,1.0,1.0,83.0,1.244019769405146,0.026899594507336425,0.005647992870922528,nan,354.94140625,688.41796875,364.46875
2026-06-04T21:52:38.468775,low,rule_based,12.47,75.6,0.0,1000.0,0.0,0.0,0.0,1.0,1.0,84.0,1.2442293145628678,0.02719137079221431,0.005278260442822156,nan,355.453125,689.703125,364.4765625
2026-06-04T21:52:41.507511,low,rule_based,12.23,74.1,0.0,1000.0,0.0,0.0,0.0,1.0,1.0,85.0,1.01857823785002,0.027439489258848326,0.005275198914841217,nan,355.96484375,690.48828125,364.484375
2026-06-04T21:52:44.544038,low,rule_based,12.23,74.1,0.0,1000.0,0.0,0.0,0.0,1.0,1.0,85.0,0.9517704071347844,0.027077993663227128,0.0070912157749732484,nan,357.70703125,690.49609375,363.99609375
2026-06-04T21:52:47.578747,low,rule_based,13.67,139.7,0.0,1000.0,0.0,0.0,0.0,1.0,1.0,86.0,0.9517704071347844,0.026345383313052882,0.006937450447840776,nan,357.70703125,690.49609375,363.99609375
2026-06-04T21:52:50.614285,low,rule_based,14.63,164.2,0.0,1000.0,0.0,0.0,0.0,1.0,1.0,87.0,0.7167944888162348,0.027717036089296702,0.007349437298776259,nan,357.70703125,693.37109375,363.7578125
2026-06-04T21:52:53.648183,low,rule_based,14.63,164.2,0.0,1000.0,0.0,0.0,0.0,1.0,1.0,87.0,0.8511516172102847,0.027965464203033957,0.00745615251131676,nan,357.484375,694.87890625,363.51953125
2026-06-04T21:52:56.683898,low,rule_based,14.13,174.3,0.0,1000.0,0.0,0.0,0.0,1.0,1.0,88.0,0.9456716495250916,0.028076913734481346,0.007099378559634972,nan,358.0390625,694.87890625,363.51953125
2026-06-04T21:52:59.720590,low,rule_based,14.13,174.3,0.0,1000.0,0.0,0.0,0.0,1.0,1.0,88.0,0.8516113556877032,0.0317926683762747,0.007085617521754012,nan,359.0859375,687.15625,363.5234375
2026-06-04T21:53:02.760076,low,rule_based,15.27,176.8,0.0,1000.0,0.0,1.0,0.0,1.0,1.0,89.0,0.8954098966209948,0.03335007958840124,0.00772192820249927,nan,359.0859375,687.15625,363.5234375
2026-06-04T21:53:05.792468,low,rule_based,15.27,176.8,0.0,1000.0,0.0,1.0,0.0,1.0,1.0,89.0,0.9329065857967668,0.03301469889171772,0.007561785035148664,nan,359.078125,686.9609375,363.5234375
2026-06-04T21:53:08.826741,low,rule_based,15.27,176.8,0.0,1000.0,0.0,1.0,0.0,1.0,1.0,89.0,0.8950841655303088,0.03590750993532793,0.007557898713312368,nan,358.0625,687.44921875,363.52734375
2026-06-04T21:53:11.859793,low,rule_based,16.27,170.8,0.0,1000.0,0.0,2.0,0.0,1.0,1.0,90.0,0.8820150928389017,0.036849600459711265,0.007463294369958811,nan,355.66796875,689.23046875,363.52734375
2026-06-04T21:53:14.900783,low,rule_based,16.27,170.8,0.0,1000.0,0.0,2.0,0.0,1.0,1.0,90.0,0.9839023965012785,0.03635517247123861,0.0076149648917943485,nan,355.65625,688.75390625,363.52734375
2026-06-04T21:53:17.932647,low,rule_based,15.5,160.7,0.0,50.0,0.0,3.0,0.0,2.0,1.0,91.0,1.0422256112314543,0.037303820897351646,0.007593871187454743,nan,355.40234375,688.75390625,363.52734375
2026-06-04T21:53:20.970011,low,rule_based,14.1,98.8,0.0,50.0,1.0,0.0,1.0,2.0,1.0,92.0,0.9358846823866991,0.03783042323811039,0.006509358550157461,nan,354.99609375,689.390625,363.77734375
2026-06-04T21:53:24.003361,low,rule_based,14.1,98.8,0.0,50.0,1.0,0.0,1.0,2.0,1.0,92.0,0.9646248025970178,0.037003667274164806,0.006438160053224756,nan,354.98828125,690.0546875,364.25390625
2026-06-04T21:53:27.043244,low,rule_based,13.83,115.0,0.0,50.0,1.0,0.0,2.0,2.0,1.0,93.0,1.1019715671904835,0.03634163085245674,0.006775590249910325,nan,354.98046875,690.44921875,364.73046875
2026-06-04T21:53:30.086685,low,rule_based,13.83,115.0,0.0,50.0,1.0,0.0,2.0,2.0,1.0,93.0,1.041179207166895,0.03545160947644483,0.006698211078114323,nan,354.9765625,690.6171875,364.75390625
2026-06-04T21:53:33.151773,low,rule_based,13.27,113.3,0.0,50.0,1.0,0.0,3.0,2.0,1.0,94.0,1.0404015136334877,0.03664263500640211,0.006729590551878897,nan,354.9765625,690.34375,364.75390625
2026-06-04T21:53:36.195152,low,rule_based,13.57,112.9,0.0,50.0,1.0,0.0,4.0,2.0,1.0,95.0,1.0390260259394746,0.035443670235020604,0.006329886087553441,nan,355.8828125,690.19921875,364.50390625
2026-06-04T21:53:39.232626,low,rule_based,13.57,112.9,0.0,50.0,1.0,0.0,4.0,2.0,1.0,95.0,0.9104419318329728,0.03358623860397754,0.006857049305353098,nan,358.15625,692.53515625,363.54296875
2026-06-04T21:53:42.269640,low,rule_based,13.0,34.7,0.0,1000.0,1.0,0.0,5.0,2.0,2.0,96.0,0.7598518814936048,0.03343608927712453,0.0068754044329488034,nan,358.15625,692.53515625,363.54296875
2026-06-04T21:53:45.306895,low,rule_based,13.0,34.7,0.0,1000.0,1.0,0.0,5.0,2.0,2.0,96.0,0.7446932454218185,0.03082095132138544,0.00632354485185705,nan,358.1796875,693.6875,363.54296875
2026-06-04T21:53:48.345992,low,rule_based,14.27,132.0,0.0,1000.0,0.0,0.0,0.0,2.0,2.0,97.0,0.7442171123633754,0.0273414701864041,0.00632354485185705,nan,358.1796875,693.703125,363.54296875
2026-06-04T21:53:51.381702,low,rule_based,14.27,132.0,0.0,1000.0,0.0,0.0,0.0,2.0,2.0,97.0,0.7452542463019067,0.02978764382379096,0.006516060746007774,nan,359.20703125,694.03515625,363.546875
2026-06-04T21:53:54.417296,low,rule_based,14.27,132.0,0.0,1000.0,0.0,0.0,0.0,2.0,2.0,97.0,0.6056847145243192,0.02868886256583388,0.006446852038404943,nan,359.90234375,694.7421875,363.5546875
2026-06-04T21:53:57.451690,low,rule_based,14.6,160.9,0.0,1000.0,0.0,0.0,0.0,2.0,2.0,98.0,0.632954876204025,0.028371648522918947,0.00631761378905757,nan,359.90234375,694.7421875,363.5546875
2026-06-04T21:54:00.492594,low,rule_based,14.6,160.9,0.0,1000.0,0.0,0.0,0.0,2.0,2.0,98.0,0.7276571762045236,0.029510977953789045,0.006701147531249716,nan,359.88671875,695.07421875,363.5546875
2026-06-04T21:54:03.524775,low,rule_based,14.9,160.4,0.0,1000.0,0.0,0.0,0.0,2.0,2.0,99.0,0.7271401567884752,0.029193116944223784,0.0066023773796235795,nan,359.88671875,695.4765625,363.5546875
2026-06-04T21:54:06.567089,low,rule_based,14.8,166.5,0.0,1000.0,0.0,0.0,0.0,2.0,2.0,100.0,0.7869229194183369,0.02961845129708364,0.006532814168295462,nan,358.57421875,696.43359375,363.56640625
2026-06-04T21:54:09.599925,low,rule_based,14.8,166.5,0.0,1000.0,0.0,0.0,0.0,2.0,2.0,100.0,0.8680375584010508,0.02992378309391872,0.006078643168140044,nan,355.5078125,697.05078125,363.5625
2026-06-04T21:54:12.636700,low,rule_based,15.27,159.4,0.0,1000.0,0.0,1.0,0.0,2.0,2.0,101.0,0.8680375584010508,0.031106516584391817,0.006010005706659526,nan,355.5078125,697.05078125,363.5625
2026-06-04T21:54:15.677146,low,rule_based,12.97,100.1,0.0,1000.0,0.0,1.0,0.0,2.0,2.0,102.0,0.911237983915149,0.030967859135423475,0.006089546770488181,nan,355.5078125,694.390625,363.55078125
2026-06-04T21:54:18.712226,low,rule_based,12.97,100.1,0.0,1000.0,0.0,1.0,0.0,2.0,2.0,102.0,0.9119467747380592,0.02868844236182382,0.006174171647532461,nan,355.5078125,691.2578125,363.55078125
2026-06-04T21:54:21.746850,low,rule_based,14.4,15.6,0.0,1000.0,0.0,0.0,0.0,2.0,2.0,103.0,0.8156507902662999,0.030989274908037226,0.006094013564209157,nan,355.875,688.14453125,363.55859375
2026-06-04T21:54:24.788712,low,rule_based,14.4,15.6,0.0,1000.0,0.0,0.0,0.0,2.0,2.0,103.0,0.9618246681908507,0.03396785063860893,0.006115498683466536,nan,356.6171875,688.2109375,363.5546875
2026-06-04T21:54:27.823839,low,rule_based,15.63,140.0,0.0,1000.0,0.0,1.0,0.0,2.0,2.0,104.0,0.9314421456983119,0.03360374259871576,0.00593665182422867,nan,356.6171875,687.953125,363.55859375
2026-06-04T21:54:30.861715,low,rule_based,16.27,180.8,0.0,1000.0,0.0,2.0,0.0,2.0,2.0,105.0,1.0580229218589332,0.03298185584915865,0.006117720383178264,nan,357.3515625,687.6953125,363.56640625
2026-06-04T21:54:33.899581,low,rule_based,16.27,180.8,0.0,1000.0,0.0,2.0,0.0,2.0,2.0,105.0,1.0580163979191344,0.0333635971432878,0.0060341287735425336,nan,357.3515625,688.09375,363.56640625
2026-06-04T21:54:36.944275,low,rule_based,15.87,193.1,0.0,50.0,0.0,3.0,0.0,3.0,2.0,106.0,1.0812639415918612,0.03457300747588085,0.006852130218822951,nan,357.38671875,688.08984375,364.06640625
2026-06-04T21:54:39.981646,low,rule_based,15.87,193.1,0.0,50.0,0.0,3.0,0.0,3.0,2.0,106.0,1.0753432617530927,0.03694200852942291,0.007792436993225743,nan,356.8203125,688.53125,364.08203125
2026-06-04T21:54:43.026639,low,rule_based,15.87,193.1,0.0,50.0,0.0,3.0,0.0,3.0,2.0,106.0,1.076233677301134,0.03731469532826117,0.008622629716229449,nan,356.21484375,688.84375,364.08203125
2026-06-04T21:54:46.065639,low,rule_based,15.53,66.5,0.0,50.0,1.0,0.0,0.0,3.0,2.0,107.0,1.0460712488384438,0.03611252865651416,0.008537617343796274,nan,356.21484375,688.953125,364.08203125
2026-06-04T21:54:49.104576,low,rule_based,15.53,66.5,0.0,50.0,1.0,0.0,0.0,3.0,2.0,107.0,0.9538263219632193,0.03509889750927497,0.008483351759394771,nan,355.54296875,689.75,364.09375
2026-06-04T21:54:52.333714,low,rule_based,13.53,35.5,0.0,50.0,1.0,0.0,1.0,3.0,2.0,108.0,0.87577157389524,0.0352818755679473,0.009028317121798208,nan,355.54296875,689.75,364.09375
2026-06-04T21:54:55.373007,low,rule_based,13.53,35.5,0.0,50.0,1.0,0.0,1.0,3.0,2.0,108.0,0.8892341412365257,0.033160250282777706,0.009047779685810456,nan,355.6328125,688.23828125,364.08203125
2026-06-04T21:54:58.414968,low,rule_based,13.33,38.1,0.0,50.0,1.0,0.0,2.0,3.0,2.0,109.0,0.9022404054424804,0.03533699887409664,0.008279069669428278,nan,355.765625,689.53515625,364.0859375
2026-06-04T21:55:01.454644,low,rule_based,13.5,27.5,0.0,50.0,1.0,0.0,3.0,3.0,2.0,110.0,0.8782793558830577,0.03411393136625953,0.00847882158042452,nan,355.8984375,691.01171875,364.08984375
2026-06-04T21:55:04.487895,low,rule_based,13.5,27.5,0.0,50.0,1.0,0.0,3.0,3.0,2.0,110.0,0.830872465051124,0.03241450969751687,0.008566820080444883,nan,355.546875,692.14453125,364.08203125
2026-06-04T21:55:07.531872,low,rule_based,37.9,14.3,0.0,50.0,1.0,0.0,3.0,3.0,2.0,111.0,0.7733239627703349,0.03201903577765906,0.008991488113883773,nan,355.546875,692.14453125,364.08203125
2026-06-04T21:55:10.574990,low,rule_based,37.9,14.3,0.0,50.0,1.0,0.0,1.0,3.0,2.0,112.0,0.835407703233745,0.0296125592820618,0.013818218494207718,nan,355.30859375,692.48046875,363.62109375
2026-06-04T21:55:13.611952,low,rule_based,13.6,76.2,0.0,50.0,1.0,0.0,1.0,3.0,2.0,112.0,0.6908750850098546,0.030527085170793514,0.0200411303110677,nan,355.30859375,693.13671875,363.62109375
2026-06-04T21:55:16.645488,low,rule_based,13.43,35.5,0.0,50.0,1.0,0.0,2.0,3.0,2.0,113.0,0.6591278561256348,0.029761770686935092,0.027687920380332538,nan,355.85546875,693.8828125,363.62109375
2026-06-04T21:55:19.689768,low,rule_based,13.43,35.5,0.0,50.0,1.0,0.0,2.0,3.0,2.0,113.0,0.6398439820193099,0.029314648758283934,0.0260048941633206,nan,358.2109375,693.3515625,363.625
2026-06-04T21:55:22.727885,low,rule_based,13.43,35.5,0.0,50.0,1.0,0.0,2.0,3.0,2.0,113.0,0.46433477632093,0.02854578284044759,0.02459368351755876,nan,358.2109375,692.9453125,363.85546875
2026-06-04T21:55:25.768511,low,rule_based,13.4,42.1,0.0,50.0,1.0,0.0,3.0,3.0,2.0,114.0,0.43623127394831085,0.029360573320788737,0.025774731648232366,nan,358.44921875,692.875,364.0859375
2026-06-04T21:55:28.807972,low,rule_based,13.4,42.1,0.0,50.0,1.0,0.0,3.0,3.0,2.0,114.0,0.4349340046547049,0.02763797165807932,0.02577473164823237,nan,358.8515625,693.546875,364.0859375
2026-06-04T21:55:31.842576,low,rule_based,14.5,40.9,0.0,50.0,1.0,0.0,4.0,3.0,2.0,115.0,0.38636105005165444,0.028243281829933284,0.027966802973339422,nan,359.25390625,694.09375,364.0859375
2026-06-04T21:55:34.887471,low,rule_based,14.5,40.9,0.0,50.0,1.0,0.0,4.0,3.0,2.0,115.0,0.45152774510465377,0.026653669135797912,0.026700047601142834,nan,358.76171875,693.6875,363.84765625
2026-06-04T21:55:37.928899,low,rule_based,13.43,40.0,0.0,1000.0,1.0,0.0,5.0,3.0,3.0,116.0,0.43540892734710185,0.028555356891658855,0.02529917968053046,nan,358.76171875,693.44921875,363.609375
2026-06-04T21:55:40.965748,low,rule_based,84.4,94.5,0.0,1000.0,0.0,1.0,0.0,3.0,3.0,117.0,0.41490068920028783,0.027038390645784578,0.025372095644053308,nan,358.640625,694.34765625,363.60546875
2026-06-04T21:55:43.999722,low,rule_based,84.4,94.5,0.0,1000.0,0.0,1.0,0.0,3.0,3.0,117.0,0.4314745609500028,0.026890878440768692,0.026636629248622444,nan,357.55859375,694.86328125,363.6015625
2026-06-04T21:55:47.040667,low,rule_based,13.33,103.0,0.0,1000.0,0.0,1.0,0.0,3.0,3.0,118.0,0.5269528153556472,0.02809708637198719,0.02664975110437987,nan,356.23828125,695.30859375,363.6015625
2026-06-04T21:55:50.286323,low,rule_based,13.33,103.0,0.0,1000.0,0.0,1.0,0.0,3.0,3.0,118.0,0.5714228742292955,0.027315749844396553,0.02651163244660811,nan,356.23828125,695.86328125,363.6015625
2026-06-04T21:55:53.328742,low,rule_based,13.2,68.8,0.0,1000.0,0.0,0.0,0.0,3.0,3.0,119.0,0.5714228742292953,0.026422744634793136,0.017210652193608806,nan,356.23828125,696.359375,363.6015625
2026-06-04T21:55:56.369114,low,rule_based,13.43,19.5,0.0,1000.0,0.0,0.0,0.0,3.0,3.0,120.0,0.4614499051073666,0.028428916039861068,0.016977077743156883,nan,356.625,697.79296875,363.6015625
2026-06-04T21:55:59.410924,low,rule_based,13.43,19.5,0.0,1000.0,0.0,0.0,0.0,3.0,3.0,120.0,0.48220843006886677,0.028537949292282903,0.00637557314152139,nan,356.44921875,698.97265625,363.6015625
2026-06-04T21:56:02.447331,low,rule_based,13.43,19.5,0.0,1000.0,0.0,0.0,0.0,3.0,3.0,120.0,0.5290568867066847,0.02733904970641083,0.0063769483565235315,nan,356.44921875,698.97265625,363.6015625
2026-06-04T21:56:05.489075,low,rule_based,13.43,19.5,0.0,1000.0,0.0,0.0,0.0,3.0,3.0,120.0,0.5637614328071188,0.028132403855057306,0.006230139729076591,nan,357.3359375,698.97265625,363.6015625
2026-06-04T21:56:08.524640,low,rule_based,15.0,139.0,0.0,1000.0,0.0,0.0,0.0,3.0,3.0,121.0,0.5574496394636916,0.02875615976196334,0.0060888025178545985,nan,357.96484375,698.6484375,363.60546875
2026-06-04T21:56:11.561234,low,rule_based,14.97,171.8,0.0,1000.0,0.0,0.0,0.0,3.0,3.0,122.0,0.527812277752971,0.029609844507950216,0.00649105714290712,nan,357.96484375,699.41796875,363.61328125
2026-06-04T21:56:14.600936,low,rule_based,14.97,171.8,0.0,1000.0,0.0,0.0,0.0,3.0,3.0,122.0,0.6618089950555534,0.029231958377600772,0.006681897298997482,nan,358.8828125,700.203125,363.62109375
2026-06-04T21:56:17.639752,low,rule_based,15.23,165.9,0.0,1000.0,0.0,1.0,0.0,3.0,3.0,123.0,0.5650321692307303,0.02917740692410371,0.006701415142671285,nan,358.8828125,700.203125,363.62109375
2026-06-04T21:56:20.681044,low,rule_based,15.7,186.3,0.0,1000.0,0.0,2.0,0.0,3.0,3.0,124.0,0.8139188721415653,0.028547532133200423,0.006480172157169032,nan,359.0078125,701.3046875,363.63671875
2026-06-04T21:56:23.714207,low,rule_based,15.7,186.3,0.0,1000.0,0.0,2.0,0.0,3.0,3.0,124.0,0.8103347703875563,0.028172717565627513,0.006424063702996479,nan,359.03515625,701.64453125,363.63671875
2026-06-04T21:56:26.755883,low,rule_based,19.1,178.9,0.0,50.0,0.0,3.0,0.0,4.0,3.0,125.0,0.8134796011510383,0.030316646397093288,0.006560305229387749,nan,359.0625,703.84375,363.63671875
2026-06-04T21:56:29.792564,low,rule_based,19.1,178.9,0.0,50.0,0.0,3.0,0.0,4.0,3.0,125.0,0.8792692899203518,0.03437790372078412,0.00665256134018832,nan,357.546875,700.765625,363.6484375
2026-06-04T21:56:32.835295,low,rule_based,13.27,157.3,0.0,50.0,1.0,0.0,1.0,4.0,3.0,126.0,0.7843934560362708,0.03399664004543081,0.006306651515038241,nan,357.546875,700.765625,363.6484375
2026-06-04T21:56:35.879238,low,rule_based,13.2,22.3,0.0,50.0,1.0,0.0,2.0,4.0,3.0,127.0,0.8961018327968081,0.03334729235283197,0.005874715958481888,nan,355.1171875,701.01171875,363.66015625
2026-06-04T21:56:38.914863,low,rule_based,13.2,22.3,0.0,50.0,1.0,0.0,2.0,4.0,3.0,127.0,0.8986041789400268,0.033844824484097015,0.0065503484686631605,nan,355.1171875,700.828125,363.66015625
2026-06-04T21:56:41.954615,low,rule_based,12.9,64.2,0.0,50.0,1.0,0.0,3.0,4.0,3.0,128.0,1.0693484023986415,0.03337222986561312,0.008378378370571895,nan,355.1171875,698.92578125,363.66015625
2026-06-04T21:56:45.035529,low,rule_based,12.9,64.2,0.0,50.0,1.0,0.0,3.0,4.0,3.0,128.0,1.0065411543494103,0.03366583507526844,0.008366685635985261,nan,355.35546875,699.734375,364.11328125
2026-06-04T21:56:48.109254,low,rule_based,12.9,64.2,0.0,50.0,1.0,0.0,3.0,4.0,3.0,128.0,0.9304282670434746,0.03305461113669914,0.008280845287152205,nan,355.59375,700.23828125,364.11328125
2026-06-04T21:56:51.149812,low,rule_based,13.6,8.9,0.0,50.0,1.0,0.0,4.0,4.0,3.0,129.0,0.8856306953532205,0.03221334700724312,0.007574402489499957,nan,355.59375,700.1640625,364.11328125
2026-06-04T21:56:54.191200,low,rule_based,13.6,8.9,0.0,50.0,1.0,0.0,4.0,4.0,3.0,129.0,0.8186638650615657,0.03539189217425581,0.007602121136435929,nan,357.1328125,699.69921875,364.11328125
2026-06-04T21:56:57.228614,low,rule_based,13.6,34.5,0.0,1000.0,1.0,0.0,5.0,4.0,4.0,130.0,0.7279780466851703,0.03610888485776893,0.007494456442393674,nan,357.1328125,699.69921875,364.11328125
2026-06-04T21:57:00.262127,low,rule_based,13.6,34.5,0.0,1000.0,1.0,0.0,5.0,4.0,4.0,130.0,0.6260256210294961,0.0362431421313657,0.008072595284377456,nan,359.828125,699.40625,363.875
2026-06-04T21:57:03.301245,low,rule_based,13.8,113.6,0.0,1000.0,0.0,0.0,0.0,4.0,4.0,131.0,0.7103659543499234,0.03638158977204589,0.007935852488474372,nan,360.0,699.40625,363.63671875
2026-06-04T21:57:06.486027,low,rule_based,14.87,170.0,0.0,1000.0,0.0,0.0,0.0,4.0,4.0,132.0,0.70549807024322,0.03504436868177327,0.00816956079380427,nan,360.0,699.40625,363.63671875
2026-06-04T21:57:09.523446,low,rule_based,14.87,170.0,0.0,1000.0,0.0,0.0,0.0,4.0,4.0,132.0,0.7681726427298455,0.0354727682510484,0.008266724443027375,nan,359.90625,700.55078125,363.63671875
2026-06-04T21:57:12.558883,low,rule_based,14.67,183.2,0.0,1000.0,0.0,0.0,0.0,4.0,4.0,133.0,0.7170241058556226,0.03297078414307547,0.008129829249343565,nan,359.90625,700.55078125,363.63671875
2026-06-04T21:57:15.598816,low,rule_based,14.87,187.2,0.0,1000.0,0.0,0.0,0.0,4.0,4.0,134.0,0.6587148983408213,0.03332299878560616,0.014142940273919274,nan,360.546875,701.83984375,364.14453125
2026-06-04T21:57:18.640187,low,rule_based,14.87,187.2,0.0,1000.0,0.0,0.0,0.0,4.0,4.0,134.0,0.8074435965526474,0.03344104637567879,0.016928537346916232,nan,360.421875,701.6640625,364.14453125
2026-06-04T21:57:21.708457,low,rule_based,15.3,179.5,0.0,1000.0,0.0,1.0,0.0,4.0,4.0,135.0,0.851626173910883,0.03293654813902889,0.020781624018935962,nan,360.25390625,701.4921875,364.15234375
2026-06-04T21:57:24.742677,low,rule_based,15.3,179.5,0.0,1000.0,0.0,1.0,0.0,4.0,4.0,135.0,0.8501153610429475,0.03408448878359092,0.022206775294661772,nan,360.25390625,701.90234375,363.66015625
2026-06-04T21:57:27.784621,low,rule_based,15.0,180.7,0.0,1000.0,0.0,1.0,0.0,4.0,4.0,136.0,0.8505534233318321,0.03415652352035994,0.022039348015537415,nan,360.25390625,702.26171875,363.66015625
2026-06-04T21:57:30.824775,low,rule_based,15.0,180.7,0.0,1000.0,0.0,1.0,0.0,4.0,4.0,136.0,0.8936015064178751,0.031793924122279445,0.022158463309181083,nan,357.6171875,702.84765625,363.90234375
2026-06-04T21:57:33.864798,low,rule_based,15.0,180.7,0.0,1000.0,0.0,1.0,0.0,4.0,4.0,136.0,1.0858219185100737,0.029718595848641612,0.02419300976115228,nan,355.69140625,702.84765625,364.1640625
2026-06-04T21:57:36.899373,low,rule_based,14.47,155.4,0.0,1000.0,0.0,0.0,0.0,4.0,4.0,137.0,1.143103629756855,0.028477474066893403,0.025891002464173717,nan,355.6484375,702.84765625,364.42578125
2026-06-04T21:57:39.935602,low,rule_based,14.47,155.4,0.0,1000.0,0.0,0.0,0.0,4.0,4.0,137.0,1.1418534677631413,0.030139332954003402,0.023649592387220936,nan,355.12890625,703.5859375,364.42578125
2026-06-04T21:57:42.976627,low,rule_based,13.5,102.0,0.0,1000.0,0.0,0.0,0.0,4.0,4.0,138.0,1.1357527120265585,0.02980281637744259,0.023781000686485282,nan,355.34375,703.59765625,364.42578125
2026-06-04T21:57:46.011799,low,rule_based,13.5,102.0,0.0,1000.0,0.0,0.0,0.0,4.0,4.0,139.0,1.0161996049592268,0.030481937876877575,0.023984918856994827,nan,355.55859375,703.66796875,364.42578125
2026-06-04T21:57:49.053812,low,rule_based,13.5,102.0,0.0,1000.0,0.0,0.0,0.0,4.0,4.0,139.0,0.9333468088398745,0.030209060559819215,0.02267107138149426,nan,355.76953125,703.66796875,363.66015625
2026-06-04T21:57:52.234274,low,rule_based,13.83,176.8,0.0,1000.0,0.0,0.0,0.0,4.0,4.0,140.0,0.9494706712418741,0.02923860077391085,0.02267107138149426,nan,355.76953125,703.66796875,363.66015625
2026-06-04T21:57:55.270984,low,rule_based,13.83,176.8,0.0,1000.0,0.0,0.0,0.0,4.0,4.0,140.0,0.9903008602724788,0.02850737227539816,0.01499210584969699,nan,355.76953125,703.8125,363.66015625
2026-06-04T21:57:58.312934,low,rule_based,14.7,200.5,0.0,1000.0,0.0,0.0,0.0,4.0,4.0,141.0,0.7958468734541915,0.029613030771362313,0.015973439033204764,nan,356.87890625,704.15234375,363.66015625
2026-06-04T21:58:01.348897,low,rule_based,16.07,170.6,0.0,1000.0,0.0,1.0,0.0,4.0,4.0,142.0,0.8935649669514083,0.030029917599507246,0.010980202616457862,nan,358.9296875,704.4921875,363.6640625
2026-06-04T21:58:04.394417,low,rule_based,16.07,170.6,0.0,1000.0,0.0,1.0,0.0,4.0,4.0,142.0,0.9615574754015888,0.03257032543500506,0.011190990096714187,nan,358.8203125,703.34375,363.92578125
2026-06-04T21:58:07.427862,low,rule_based,14.77,171.9,0.0,1000.0,0.0,1.0,0.0,4.0,4.0,143.0,0.91126112788376,0.03224080178476759,0.01014813637507822,nan,358.8203125,703.34375,363.92578125
2026-06-04T21:58:10.465568,low,rule_based,14.77,171.9,0.0,1000.0,0.0,1.0,0.0,4.0,4.0,143.0,1.0360717204333671,0.03391096079436165,0.010092131855987972,nan,357.03515625,703.14453125,363.92578125
2026-06-04T21:58:13.496566,low,rule_based,14.67,80.8,0.0,1000.0,0.0,0.0,0.0,4.0,4.0,144.0,1.0358207542238622,0.03329940620313366,0.007026631076868407,nan,357.03515625,703.21484375,364.17578125
2026-06-04T21:58:16.530839,low,rule_based,13.4,80.8,0.0,1000.0,0.0,0.0,0.0,4.0,4.0,145.0,0.7941209349943715,0.03461977788250542,0.007285024772428541,nan,357.03515625,702.6953125,364.42578125
2026-06-04T21:58:19.571887,low,rule_based,13.4,80.8,0.0,1000.0,0.0,0.0,0.0,4.0,4.0,145.0,0.8679199372190203,0.03270018330455503,0.007391431306926436,nan,355.88671875,702.6953125,364.43359375
2026-06-04T21:58:22.613614,low,rule_based,13.4,80.8,0.0,1000.0,0.0,0.0,0.0,4.0,4.0,145.0,0.8494128711820468,0.029608306526249017,0.006931241777522221,nan,355.88671875,702.6953125,364.43359375
2026-06-04T21:58:25.649126,low,rule_based,14.27,100.9,0.0,1000.0,0.0,0.0,0.0,4.0,4.0,146.0,0.7931648038657898,0.033097688343770186,0.007252841629389438,nan,355.69140625,701.24609375,363.6953125
2026-06-04T21:58:28.696409,low,rule_based,14.27,100.9,0.0,1000.0,0.0,0.0,0.0,4.0,4.0,146.0,0.7930591853735153,0.032176641609074456,0.00726849640053867,nan,355.421875,701.28125,363.6953125
2026-06-04T21:58:31.735879,low,rule_based,13.7,99.9,0.0,1000.0,0.0,0.0,0.0,4.0,4.0,147.0,0.8103530548083748,0.03282628248731545,0.007121447352188718,nan,355.15234375,701.87890625,363.6953125
2026-06-04T21:58:34.775828,low,rule_based,13.7,99.9,0.0,1000.0,0.0,0.0,0.0,4.0,4.0,147.0,0.8333977611834946,0.03304078847652859,0.007180524147763922,nan,355.375,702.45703125,363.6953125
2026-06-04T21:58:37.811574,low,rule_based,13.87,99.9,0.0,1000.0,0.0,0.0,0.0,4.0,4.0,148.0,0.7752558316230975,0.03284884632949057,0.006813939403331372,nan,355.39453125,702.6015625,363.69921875
2026-06-04T21:58:40.854156,low,rule_based,44.53,166.2,0.0,1000.0,0.0,1.0,0.0,4.0,4.0,149.0,0.7509959155321199,0.0344767483356764,0.008172854832210641,nan,355.57421875,702.62109375,363.703125
2026-06-04T21:58:43.887659,low,rule_based,44.53,166.2,0.0,1000.0,0.0,1.0,0.0,4.0,4.0,149.0,0.5669567512803058,0.034568794882255616,0.008745524719130348,nan,355.57421875,702.62109375,363.703125
2026-06-04T21:58:46.922609,low,rule_based,57.67,190.4,0.0,1000.0,0.0,2.0,0.0,4.0,4.0,150.0,0.5700447165626686,0.03318980763460324,0.009601199037651465,nan,357.0546875,702.6640625,363.703125
2026-06-04T21:58:50.011699,low,rule_based,57.67,190.4,0.0,1000.0,0.0,2.0,0.0,4.0,4.0,150.0,0.45261018650444274,0.0318685391306148,0.009343020749606419,nan,358.06640625,703.23828125,363.703125
2026-06-04T21:58:53.051629,low,rule_based,39.13,180.8,0.0,50.0,0.0,3.0,0.0,5.0,4.0,151.0,0.537705702685821,0.029199853482095812,0.008934289746271295,nan,358.06640625,702.9296875,363.703125
2026-06-04T21:58:56.089287,low,rule_based,28.03,39.7,0.0,50.0,1.0,0.0,0.0,5.0,4.0,152.0,0.7170794416698386,0.03250254237904815,0.008882612491360914,nan,358.14453125,702.2265625,363.9453125
2026-06-04T21:58:59.126831,low,rule_based,28.03,39.7,0.0,50.0,1.0,0.0,0.0,5.0,4.0,152.0,0.684347852788511,0.03297087459156023,0.009795967159861762,nan,358.14453125,701.58984375,364.43359375
2026-06-04T21:59:02.161882,low,rule_based,68.57,38.3,0.0,50.0,1.0,0.0,0.0,5.0,4.0,153.0,0.7811173710257543,0.03308275131004518,0.00941668250500073,nan,358.14453125,701.58984375,364.43359375
2026-06-04T21:59:05.201881,low,rule_based,68.57,38.3,0.0,50.0,1.0,0.0,0.0,5.0,4.0,153.0,0.8668437847357917,0.03196300572157311,0.009591167355756394,nan,357.1640625,701.984375,364.43359375
2026-06-04T21:59:08.242761,low,rule_based,68.57,38.3,0.0,50.0,1.0,0.0,0.0,5.0,4.0,153.0,0.870690042690659,0.03247957539283691,0.009606104278026804,nan,357.1640625,702.5625,364.203125
2026-06-04T21:59:11.278519,low,rule_based,62.17,39.8,0.0,50.0,1.0,0.0,0.0,5.0,4.0,154.0,0.7487746813062865,0.03309900121268338,0.009398113833743612,nan,357.30859375,703.45703125,363.97265625
2026-06-04T21:59:14.339580,low,rule_based,62.17,39.8,0.0,50.0,1.0,0.0,0.0,5.0,4.0,154.0,0.7859983226392078,0.03414688651310243,0.009380782651657735,nan,356.7265625,704.46875,363.7265625
2026-06-04T21:59:17.378057,low,rule_based,96.37,30.8,0.0,50.0,1.0,0.0,0.0,5.0,4.0,155.0,0.7861510397291118,0.03416487410974027,0.009290008792714285,nan,356.7265625,704.46875,363.7265625
2026-06-04T21:59:20.412308,low,rule_based,96.37,30.8,0.0,50.0,1.0,0.0,0.0,5.0,4.0,155.0,0.9110128647407618,0.03948376876196433,0.008032971418504323,nan,355.5,704.89453125,363.734375
2026-06-04T21:59:23.451919,low,rule_based,65.47,95.9,0.0,50.0,1.0,0.0,0.0,5.0,4.0,156.0,0.9346779555615141,0.04492126342926416,0.007826702743265255,nan,355.5,704.54296875,363.73046875
2026-06-04T21:59:26.483902,low,rule_based,68.63,88.0,0.0,50.0,1.0,0.0,0.0,5.0,4.0,157.0,0.9311078327516853,0.052751301340958984,0.006785865404578159,nan,355.96875,704.27734375,363.72265625
2026-06-04T21:59:29.521409,low,rule_based,68.63,88.0,0.0,50.0,1.0,0.0,0.0,5.0,4.0,157.0,0.7180617282520084,0.0540929633695052,0.00681799524106943,nan,355.6796875,704.953125,363.71875
2026-06-04T21:59:32.558684,low,rule_based,62.67,37.0,0.0,50.0,1.0,0.0,0.0,5.0,4.0,158.0,0.7180617282520084,0.05690973535499397,0.006388889180572227,nan,355.6796875,704.953125,363.71875
2026-06-04T21:59:35.598001,low,rule_based,41.73,42.4,0.0,50.0,1.0,0.0,0.0,5.0,4.0,159.0,0.5403710175065454,0.053324332807406394,0.006673330630583767,nan,357.5078125,705.82421875,363.71875
2026-06-04T21:59:38.637735,low,rule_based,41.73,42.4,0.0,50.0,1.0,0.0,0.0,5.0,4.0,159.0,0.45241027134652373,0.052910129561670516,0.006660799665187023,nan,357.5078125,705.82421875,363.9609375
2026-06-04T21:59:41.669706,low,rule_based,46.57,42.4,0.0,50.0,1.0,0.0,0.0,5.0,4.0,160.0,0.47866567999769377,0.05304796461724241,0.006302738506138888,nan,359.06640625,706.984375,364.203125
2026-06-04T21:59:44.709594,low,rule_based,46.57,42.4,0.0,50.0,1.0,0.0,0.0,5.0,4.0,160.0,0.4748805955660223,0.05708876184806819,0.006841331240176647,nan,359.06640625,707.5,364.703125
2026-06-04T21:59:47.747578,low,rule_based,35.83,41.0,0.0,50.0,1.0,0.0,0.0,5.0,4.0,161.0,0.4717199125208849,0.05217138186921523,0.006655128497788506,nan,358.8515625,708.2578125,364.703125
2026-06-04T21:59:50.783665,low,rule_based,28.83,39.7,0.0,50.0,1.0,0.0,0.0,5.0,4.0,162.0,0.527582780200575,0.04974391302307743,0.006702951700860028,nan,358.63671875,708.2578125,364.70703125
2026-06-04T21:59:53.818385,low,rule_based,28.83,39.7,0.0,50.0,1.0,0.0,0.0,5.0,4.0,162.0,0.42405899328636065,0.049101159359833314,0.006335158226101064,nan,358.63671875,708.2578125,364.46484375
2026-06-04T21:59:56.856130,low,rule_based,23.57,0.9,0.0,50.0,1.0,0.0,0.0,5.0,4.0,163.0,0.4599772658519269,0.05371554371830171,0.006462485157830822,nan,358.40625,707.234375,364.46875
2026-06-04T21:59:59.890945,low,rule_based,23.57,0.9,0.0,50.0,1.0,0.0,0.0,5.0,4.0,163.0,0.48314556787615853,0.05140658260932092,0.006572738544983258,nan,356.61328125,707.02734375,363.9765625
2026-06-04T22:00:02.923511,low,rule_based,23.57,0.9,0.0,50.0,1.0,0.0,0.0,5.0,4.0,163.0,0.4478576186497136,0.052429187659876156,0.006563819556626225,nan,355.921875,706.05078125,363.9765625
2026-06-04T22:00:05.958640,low,rule_based,24.77,52.2,0.0,50.0,1.0,0.0,0.0,5.0,4.0,164.0,0.41269191278948536,0.030543673279656486,0.0064716477074155945,nan,355.23046875,706.89453125,363.98046875
2026-06-04T22:00:09.006675,low,rule_based,24.77,52.2,0.0,50.0,1.0,0.0,0.0,5.0,4.0,164.0,0.42079870655769136,0.030862077533577136,0.006021160212267711,nan,355.23046875,706.89453125,363.98046875
2026-06-04T22:00:12.249998,low,rule_based,27.73,48.7,0.0,50.0,1.0,0.0,0.0,5.0,4.0,165.0,0.42296842472904894,0.032563410125569826,0.005786524792356657,nan,355.23828125,707.2734375,363.73046875
2026-06-04T22:00:15.287975,low,rule_based,27.73,48.7,0.0,50.0,1.0,0.0,0.0,5.0,4.0,165.0,0.4221146439559724,0.031723280790273076,0.006241012499806652,nan,355.23828125,705.75390625,363.734375
2026-06-04T22:00:18.326906,low,rule_based,19.63,33.8,0.0,50.0,1.0,0.0,0.0,5.0,4.0,166.0,0.4219546624341018,0.03087834036907198,0.00640061651519375,nan,355.23828125,706.00390625,363.7421875
2026-06-04T22:00:21.361650,low,rule_based,17.23,39.0,0.0,50.0,1.0,0.0,0.0,5.0,4.0,167.0,0.4349789879465124,0.029831130846994434,0.006239955761310531,nan,356.03515625,706.25390625,363.7421875
2026-06-04T22:00:24.399426,low,rule_based,17.23,39.0,0.0,50.0,1.0,0.0,0.0,5.0,4.0,167.0,0.4688856554010896,0.032084922396537076,0.005824870433924776,nan,358.84375,705.94921875,363.7421875
2026-06-04T22:00:27.444355,low,rule_based,14.03,42.7,0.0,50.0,1.0,0.0,1.0,5.0,4.0,168.0,0.3644443433828054,0.03122522046413202,0.005954928438014895,nan,358.84375,705.94921875,363.7421875
2026-06-04T22:00:30.476583,low,rule_based,14.03,42.7,0.0,50.0,1.0,0.0,1.0,5.0,4.0,168.0,0.3647167046839177,0.03206460549372093,0.006227662928001793,nan,359.38671875,705.9921875,363.7421875
2026-06-04T22:00:33.509379,low,rule_based,13.8,42.5,0.0,50.0,1.0,0.0,2.0,5.0,4.0,169.0,0.39796654893897043,0.03182236699495871,0.006228384238427237,nan,359.16015625,706.171875,363.7421875
2026-06-04T22:00:36.547846,low,rule_based,13.63,41.5,0.0,50.0,1.0,0.0,3.0,5.0,4.0,170.0,0.4490912221842877,0.032850575771976365,0.006211494211585099,nan,358.98046875,706.74609375,363.7421875
2026-06-04T22:00:39.585810,low,rule_based,13.63,41.5,0.0,50.0,1.0,0.0,3.0,5.0,4.0,170.0,0.4468343343962221,0.03301331824228608,0.006787224156276694,nan,358.98046875,706.5,363.9921875
2026-06-04T22:00:42.623312,low,rule_based,13.67,41.3,0.0,50.0,1.0,0.0,4.0,5.0,4.0,171.0,0.4468343343962222,0.03227654432428291,0.006746705834545884,nan,358.98046875,706.5,363.9921875
2026-06-04T22:00:45.659538,low,rule_based,13.97,39.2,0.0,1000.0,1.0,0.0,5.0,5.0,5.0,172.0,0.5444486306253933,0.03404964328689703,0.00633470999333779,nan,358.57421875,706.1796875,364.23828125
2026-06-04T22:00:48.711388,low,rule_based,13.97,39.2,0.0,1000.0,1.0,0.0,5.0,5.0,5.0,172.0,0.5821687162780048,0.03389746562805871,0.00716780020007496,nan,358.16015625,706.41015625,364.2421875
2026-06-04T22:00:51.745984,low,rule_based,13.97,39.2,0.0,1000.0,1.0,0.0,5.0,5.0,5.0,172.0,0.5830581623730292,0.03437075185291699,0.007728796096428878,nan,357.07421875,706.17578125,364.2421875
2026-06-04T22:00:54.780112,low,rule_based,13.97,39.2,0.0,1000.0,1.0,0.0,5.0,5.0,5.0,172.0,0.6108298770970783,0.03348192555716112,0.007208168111981312,nan,357.07421875,705.9375,364.0
2026-06-04T22:00:57.814699,low,rule_based,14.43,117.9,0.0,1000.0,0.0,0.0,0.0,5.0,5.0,173.0,0.6072181524090436,0.030856982533130982,0.007970010760895388,nan,357.07421875,705.546875,363.7578125
2026-06-04T22:01:00.854557,low,rule_based,14.23,63.6,0.0,1000.0,0.0,0.0,0.0,5.0,5.0,174.0,0.6471796240211106,0.03192037628362818,0.007733329605712797,nan,356.96484375,705.46484375,363.76953125
2026-06-04T22:01:03.889643,low,rule_based,14.23,63.6,0.0,1000.0,0.0,0.0,0.0,5.0,5.0,174.0,0.7510392330420882,0.03241292082921002,0.007933040971815086,nan,357.18359375,705.75390625,363.77734375
2026-06-04T22:01:06.922229,low,rule_based,14.87,182.3,0.0,1000.0,0.0,0.0,0.0,5.0,5.0,175.0,0.7533012031174015,0.03322290714341129,0.007888822338919734,nan,357.3046875,705.828125,363.77734375
2026-06-04T22:01:10.026177,low,rule_based,14.87,182.3,0.0,1000.0,0.0,0.0,0.0,5.0,5.0,175.0,0.7217538680019077,0.03345117468362538,0.007809052013370236,nan,357.53125,706.08203125,363.78125
2026-06-04T22:01:13.060049,low,rule_based,15.5,185.1,0.0,1000.0,0.0,1.0,0.0,5.0,5.0,176.0,0.761518084605598,0.03281528730498305,0.007789713606879011,nan,357.43359375,706.0859375,364.03125
2026-06-04T22:01:16.098430,low,rule_based,15.37,185.9,0.0,1000.0,0.0,2.0,0.0,5.0,5.0,177.0,0.9318474551740941,0.032239315758371814,0.006890063803585915,nan,358.22265625,706.08984375,364.27734375
2026-06-04T22:01:19.132650,low,rule_based,15.37,185.9,0.0,1000.0,0.0,2.0,0.0,5.0,5.0,177.0,1.000307006868462,0.03342246603798113,0.007193649278454672,nan,358.8984375,706.5234375,364.28125
2026-06-04T22:01:22.168182,low,rule_based,14.9,168.9,0.0,1000.0,0.0,2.0,0.0,5.0,5.0,178.0,1.0322433787616445,0.029140830223461364,0.007327261758093087,nan,358.8984375,706.5234375,364.28125
2026-06-04T22:01:25.204586,low,rule_based,14.9,168.9,0.0,1000.0,0.0,2.0,0.0,5.0,5.0,178.0,0.9883353979774951,0.030845000252056186,0.007465671578342353,nan,359.0859375,706.61328125,363.78125
2026-06-04T22:01:28.242368,low,rule_based,14.93,188.7,0.0,1000.0,0.0,0.0,0.0,5.0,5.0,179.0,0.9433970882393512,0.03111370749541609,0.006054568109370613,nan,359.1875,706.61328125,363.78125
2026-06-04T22:01:31.284812,low,rule_based,15.33,195.4,0.0,1000.0,0.0,1.0,0.0,5.0,5.0,180.0,1.0161899518254751,0.03140728670229165,0.0064261144311519,nan,359.2890625,706.61328125,363.78125
2026-06-04T22:01:34.315640,low,rule_based,15.33,195.4,0.0,1000.0,0.0,1.0,0.0,5.0,5.0,180.0,1.2571568404616937,0.031388621994751814,0.006663172818422116,nan,356.55078125,707.92578125,363.78125
2026-06-04T22:02:15.972663,low,rule_based,15.33,195.4,0.0,1000.0,0.0,1.0,0.0,5.0,5.0,180.0,0.1034877735747864,0.005059644298616674,0.033506081588344276,nan,355.3125,709.3203125,363.78515625
2026-06-04T22:02:19.319993,low,rule_based,15.33,195.4,0.0,1000.0,0.0,1.0,0.0,5.0,5.0,180.0,0.1034877735747864,0.003807284225993585,0.03331960607509246,nan,355.3125,709.3203125,363.78515625
2026-06-04T22:02:22.354669,low,rule_based,0.0,77.2,0.0,1000.0,0.0,1.0,0.0,5.0,5.0,181.0,0.1034877735747864,0.002757296554669133,0.03308537050653611,nan,355.3125,709.3203125,363.78515625
2026-06-04T22:02:25.387508,low,rule_based,0.0,77.2,0.0,1000.0,0.0,1.0,0.0,5.0,5.0,181.0,0.10254854264225476,0.001777792430963939,0.03277148240656451,nan,355.3125,709.3203125,363.78515625
2026-06-04T22:02:28.427326,low,rule_based,0.0,73.3,0.0,1000.0,0.0,0.0,0.0,5.0,5.0,182.0,0.012567191124331438,0.001242527292834345,0.0116583787260234,nan,355.3125,709.3203125,363.78125
2026-06-04T22:02:31.461233,low,rule_based,0.0,73.3,0.0,1000.0,0.0,0.0,0.0,5.0,5.0,183.0,1.2360793915708826e-05,0.0006238408905861589,0.0005441003898888455,nan,355.3125,709.359375,363.78515625
2026-06-04T22:02:35.433855,low,rule_based,0.0,71.5,0.0,1000.0,0.0,0.0,0.0,5.0,5.0,183.0,0.00015363930727742595,0.0009598839944387487,0.0013198793654607512,nan,355.31640625,709.10546875,363.8046875
2026-06-04T22:03:17.133664,low,rule_based,0.0,69.7,0.0,1000.0,0.0,0.0,0.0,5.0,5.0,184.0,nan,nan,nan,nan,355.31640625,709.109375,364.109375
2026-06-04T22:03:20.391953,low,rule_based,0.0,69.7,0.0,1000.0,0.0,0.0,0.0,5.0,5.0,184.0,2.4446812201037372e-05,0.00031495747012801056,0.0010459892187913474,nan,355.31640625,709.25390625,364.109375
2026-06-04T22:03:23.423945,low,rule_based,0.0,18.2,0.0,1000.0,0.0,0.0,0.0,5.0,5.0,185.0,2.4446812201037372e-05,0.00031495747012801056,0.0010459892187913474,nan,355.31640625,709.25390625,364.109375
2026-06-04T22:03:26.459383,low,rule_based,0.0,10.6,0.0,1000.0,0.0,0.0,0.0,5.0,5.0,186.0,2.4446812201037372e-05,0.00019863289649213806,0.0010459892187913474,nan,355.31640625,709.25390625,364.109375
2026-06-04T22:03:29.496149,low,rule_based,0.0,10.6,0.0,1000.0,0.0,0.0,0.0,5.0,5.0,186.0,2.4446812201037372e-05,0.0008123612905822154,0.0008373874051707306,nan,355.31640625,709.49609375,364.109375
2026-06-04T22:03:32.530135,low,rule_based,0.0,2.1,0.0,1000.0,0.0,0.0,0.0,5.0,5.0,187.0,7.111893795730816e-06,0.0008961991048833113,8.780541961210712e-05,nan,355.31640625,709.49609375,364.109375
2026-06-04T22:03:35.566054,low,rule_based,0.0,2.1,0.0,1000.0,0.0,0.0,0.0,5.0,5.0,188.0,0.00010985819419222207,0.002864163346144592,0.0006874858822466366,nan,397.1796875,708.03515625,363.8671875
2026-06-04T22:03:38.606807,low,rule_based,0.0,0.0,0.0,1000.0,0.0,0.0,0.0,5.0,5.0,188.0,0.08374443222637841,0.0035601956120537345,0.0015507753494125966,nan,397.328125,707.4609375,364.10546875
2026-06-04T22:03:41.639593,low,rule_based,0.0,0.0,0.0,1000.0,0.0,0.0,0.0,5.0,5.0,189.0,0.11402337624663514,0.0033455098756845587,0.002535859564143657,nan,397.328125,707.4609375,364.34375
2026-06-04T22:03:44.670088,low,rule_based,0.0,0.0,0.0,1000.0,0.0,0.0,0.0,5.0,5.0,189.0,0.14417941485507496,0.0031079543788258227,0.0026929676013668514,nan,394.0,707.6640625,364.34375
2026-06-04T22:03:47.710052,low,rule_based,0.0,0.0,0.0,1000.0,0.0,0.0,0.0,5.0,5.0,190.0,0.1743619556496418,0.0032018568137086837,0.00283715868580516,nan,394.3671875,707.828125,364.34375
2026-06-04T22:03:50.748142,low,rule_based,0.0,0.0,0.0,1000.0,0.0,0.0,0.0,5.0,5.0,190.0,0.4172486596340527,0.003361591096832315,0.003133967358843864,nan,463.625,707.95703125,364.34375
2026-06-04T22:03:53.782727,low,rule_based,0.0,0.0,0.0,1000.0,0.0,0.0,0.0,5.0,5.0,190.0,0.4421200007507483,0.0033507377083495478,0.0031022964125562782,nan,463.625,707.95703125,364.1015625
2026-06-04T22:03:56.820238,low,rule_based,0.0,0.0,0.0,1000.0,0.0,0.0,0.0,5.0,5.0,191.0,0.4724621964377017,0.0035274953564799092,0.0035846747720823125,nan,463.62109375,707.95703125,363.859375
2026-06-04T22:03:59.854602,low,rule_based,0.0,0.0,0.0,1000.0,0.0,0.0,0.0,5.0,5.0,191.0,0.5027066483051413,0.0034598174628891892,0.004223248873668626,nan,463.62890625,708.0546875,363.859375
2026-06-04T22:04:02.888750,low,rule_based,0.0,0.0,0.0,1000.0,0.0,0.0,0.0,5.0,5.0,192.0,0.6673028486129962,0.0037156035152775156,0.004503991736449455,nan,576.19921875,708.21875,363.859375
2026-06-04T22:04:05.924917,low,rule_based,0.0,0.0,0.0,1000.0,0.0,0.0,0.0,5.0,5.0,193.0,0.9935878039587133,0.0035315196191603258,0.0041738255422068705,nan,800.671875,708.4609375,363.875
2026-06-04T22:04:47.239237,low,rule_based,0.0,0.0,0.0,1000.0,0.0,0.0,0.0,5.0,5.0,193.0,2.606758994945219,0.0007150589630371234,0.0010572955697593848,nan,802.09765625,711.1953125,363.86328125
2026-06-04T22:04:50.507382,low,rule_based,0.0,0.0,0.0,1000.0,0.0,0.0,0.0,5.0,5.0,193.0,2.8394449588327357,0.0007150589630371234,0.0007273767949975007,nan,802.09765625,711.1953125,363.86328125
2026-06-04T22:04:53.539852,low,rule_based,0.0,0.0,0.0,1000.0,0.0,0.0,0.0,5.0,5.0,194.0,2.8394449588327357,0.0007150589630371234,8.728899037483633e-05,nan,802.09765625,711.1953125,363.86328125
2026-06-04T22:04:56.580335,low,rule_based,0.0,0.0,0.0,1000.0,0.0,0.0,0.0,5.0,5.0,195.0,2.8394449588327357,0.0007150589630371234,8.728899037483633e-05,nan,802.09765625,711.1953125,363.86328125
2026-06-04T22:04:59.618281,low,rule_based,0.0,0.0,0.0,1000.0,0.0,0.0,0.0,5.0,5.0,195.0,0.9688485577787076,0.0004949621694129913,8.728899037483633e-05,nan,801.80859375,711.1953125,363.86328125
2026-06-04T22:05:02.659141,low,rule_based,0.0,0.0,0.0,1000.0,0.0,0.0,0.0,5.0,5.0,196.0,0.9687844306360184,1.3515346019971395e-05,5.755168366888965e-06,nan,801.80859375,711.1953125,363.86328125
2026-06-04T22:05:05.689402,low,rule_based,0.0,0.0,0.0,1000.0,0.0,0.0,0.0,5.0,5.0,197.0,0.00020612758427921094,0.0002771584567028175,0.003874784806558061,nan,801.51171875,711.2578125,364.10546875
2026-06-04T22:05:08.724952,low,rule_based,0.0,0.0,0.0,1000.0,0.0,0.0,0.0,5.0,5.0,197.0,0.00023028255771267964,0.0005204569497241098,0.004597308292526278,nan,801.51171875,710.07421875,364.10546875
2026-06-04T22:05:11.761155,low,rule_based,0.0,0.0,0.0,1000.0,0.0,0.0,0.0,5.0,5.0,198.0,0.00029474465116247273,0.0010400382596514888,0.005426517896810561,nan,801.375,707.70703125,364.10546875
2026-06-04T22:05:14.795453,low,rule_based,0.0,0.0,0.0,1000.0,0.0,0.0,0.0,5.0,5.0,198.0,0.00031559076947060565,0.0011340356622886595,0.0049682375685226685,nan,801.375,707.70703125,364.59765625
2026-06-04T22:05:17.832223,low,rule_based,0.0,0.0,0.0,1000.0,0.0,0.0,0.0,5.0,5.0,199.0,0.00046267067999510687,0.0012190152236607472,0.004872900933772806,nan,801.390625,707.0625,364.59765625
2026-06-04T22:05:20.867131,low,rule_based,0.0,0.0,0.0,1000.0,0.0,0.0,0.0,5.0,5.0,199.0,0.0006282623919323621,0.0012493131173747288,0.0050306450432834274,nan,801.40625,706.55078125,364.59765625
2026-06-04T22:05:23.906138,low,rule_based,0.0,0.0,0.0,1000.0,0.0,0.0,0.0,5.0,5.0,199.0,0.0006530602301860226,0.0012795949202538126,0.005432589299738387,nan,801.40625,706.6171875,364.8671875
2026-06-04T22:05:26.940135,low,rule_based,0.0,0.0,0.0,1000.0,0.0,0.0,0.0,5.0,5.0,200.0,0.0006987357568198104,0.0014356915412259467,0.0053250189756476095,nan,801.4140625,706.02734375,364.8984375
2026-06-04T22:05:29.978433,low,rule_based,0.0,0.0,0.0,1000.0,0.0,0.0,0.0,5.0,5.0,200.0,0.000936729269259345,0.0014906391476511994,0.005774444648666907,nan,801.4453125,706.02734375,364.6796875
2026-06-04T22:05:33.015369,low,rule_based,0.0,0.0,0.0,1000.0,0.0,0.0,0.0,5.0,5.0,201.0,0.0009587530247510037,0.0017667779916579335,0.00633666385157972,nan,801.4453125,706.12890625,364.4375
